,name,party,label,link
0,Abramowicz Adam,PiS,None,http://www.sejm.gov.pl/Sejm7.nsf/posel.xsp?id=001&type=A
1,Achinger Elżbieta,PO,None,http://www.sejm.gov.pl/Sejm7.nsf/posel.xsp?id=467&type=A
2,Adamczyk Andrzej,PiS,None,http://www.sejm.gov.pl/Sejm7.nsf/posel.xsp?id=003&type=A
3,Ajchler Romuald,SLD,None,http://www.sejm.gov.pl/Sejm7.nsf/posel.xsp?id=004&type=A
4,Aleksandrzak Leszek,SLD,zastępca przewodniczącego klubu,http://www.sejm.gov.pl/Sejm7.nsf/posel.xsp?id=005&type=A
5,Andzel Waldemar,PiS,None,http://www.sejm.gov.pl/Sejm7.nsf/posel.xsp?id=006&type=A
6,Arciszewska-Mielewczyk Dorota,PiS,None,http://www.sejm.gov.pl/Sejm7.nsf/posel.xsp?id=007&type=A
7,Ardanowski Jan Krzysztof,PiS,None,http://www.sejm.gov.pl/Sejm7.nsf/posel.xsp?id=008&type=A
8,Arent Iwona Ewa,PiS,None,http://www.sejm.gov.pl/Sejm7.nsf/posel.xsp?id=009&type=A
9,Arkit Tadeusz,PO,None,http://www.sejm.gov.pl/Sejm7.nsf/posel.xsp?id=010&type=A
10,Arłukowicz Bartosz,PO,None,http://www.sejm.gov.pl/Sejm7.nsf/posel.xsp?id=011&type=A
11,Arndt Paweł,PO,None,http://www.sejm.gov.pl/Sejm7.nsf/posel.xsp?id=012&type=A
12,Ast Marek,PiS,None,http://www.sejm.gov.pl/Sejm7.nsf/posel.xsp?id=013&type=A
13,Augustyn Urszula,PO,wiceprzewodnicząca klubu,http://www.sejm.gov.pl/Sejm7.nsf/posel.xsp?id=014&type=A
14,Aziewicz Tadeusz,PO,None,http://www.sejm.gov.pl/Sejm7.nsf/posel.xsp?id=015&type=A
15,Babalski Zbigniew,PiS,None,http://www.sejm.gov.pl/Sejm7.nsf/posel.xsp?id=016&type=A
16,Babiarz Piotr Łukasz,PiS,None,http://www.sejm.gov.pl/Sejm7.nsf/posel.xsp?id=474&type=A
17,Babinetz Piotr,PiS,None,http://www.sejm.gov.pl/Sejm7.nsf/posel.xsp?id=017&type=A
18,Balt Marek,SLD,None,http://www.sejm.gov.pl/Sejm7.nsf/posel.xsp?id=018&type=A
19,Banaszak Maciej,SLD,None,http://www.sejm.gov.pl/Sejm7.nsf/posel.xsp?id=019&type=A
20,Bańkowska Anna,SLD,zastępca przewodniczącego klubu,http://www.sejm.gov.pl/Sejm7.nsf/posel.xsp?id=020&type=A
21,Bartuś Barbara,PiS,None,http://www.sejm.gov.pl/Sejm7.nsf/posel.xsp?id=022&type=A
22,Bauć Piotr Paweł,RP,wiceprzewodniczący koła,http://www.sejm.gov.pl/Sejm7.nsf/posel.xsp?id=023&type=A
23,Bąk Dariusz,PiS,None,http://www.sejm.gov.pl/Sejm7.nsf/posel.xsp?id=024&type=A
24,Bernacki Włodzimierz,PiS,None,http://www.sejm.gov.pl/Sejm7.nsf/posel.xsp?id=025&type=A
25,Bętkowski Andrzej,PiS,None,http://www.sejm.gov.pl/Sejm7.nsf/posel.xsp?id=026&type=A
26,Biernacki Marek,PO,None,http://www.sejm.gov.pl/Sejm7.nsf/posel.xsp?id=028&type=A
27,Biernat Andrzej,PO,wiceprzewodniczący klubu,http://www.sejm.gov.pl/Sejm7.nsf/posel.xsp?id=029&type=A
28,Blanik Leszek,PO,None,http://www.sejm.gov.pl/Sejm7.nsf/posel.xsp?id=030&type=A
29,Błaszczak Mariusz,PiS,przewodniczący klubu,http://www.sejm.gov.pl/Sejm7.nsf/posel.xsp?id=031&type=A
30,Błądek Antoni,PiS,None,http://www.sejm.gov.pl/Sejm7.nsf/posel.xsp?id=475&type=A
31,Bobowska Joanna,PO,None,http://www.sejm.gov.pl/Sejm7.nsf/posel.xsp?id=032&type=A
32,Bodio Bartłomiej,PSL,None,http://www.sejm.gov.pl/Sejm7.nsf/posel.xsp?id=033&type=A
33,Bogucki Jacek,PiS,None,http://www.sejm.gov.pl/Sejm7.nsf/posel.xsp?id=034&type=A
34,Borawski Edmund,PSL,None,http://www.sejm.gov.pl/Sejm7.nsf/posel.xsp?id=035&type=A
35,Borkowski Jerzy,RP,przewodniczący koła,http://www.sejm.gov.pl/Sejm7.nsf/posel.xsp?id=036&type=A
36,Borkowski Krzysztof,PSL,None,http://www.sejm.gov.pl/Sejm7.nsf/posel.xsp?id=037&type=A
37,Borowczak Jerzy,PO,None,http://www.sejm.gov.pl/Sejm7.nsf/posel.xsp?id=038&type=A
38,Bramora Artur,PSL,sekretarz klubu,http://www.sejm.gov.pl/Sejm7.nsf/posel.xsp?id=040&type=A
39,Brejza Krzysztof,PO,None,http://www.sejm.gov.pl/Sejm7.nsf/posel.xsp?id=041&type=A
40,Brudziński Joachim,PiS,None,http://www.sejm.gov.pl/Sejm7.nsf/posel.xsp?id=042&type=A
41,Brzezinka Jacek,PO,None,http://www.sejm.gov.pl/Sejm7.nsf/posel.xsp?id=043&type=A
42,Bublewicz Beata,PO,None,http://www.sejm.gov.pl/Sejm7.nsf/posel.xsp?id=044&type=A
43,Bubula Barbara,PiS,None,http://www.sejm.gov.pl/Sejm7.nsf/posel.xsp?id=045&type=A
44,Budka Borys,PO,None,http://www.sejm.gov.pl/Sejm7.nsf/posel.xsp?id=046&type=A
45,Budnik Jerzy,niez.,None,http://www.sejm.gov.pl/Sejm7.nsf/posel.xsp?id=047&type=A
46,Bukiewicz Bożenna,PO,wiceprzewodnicząca klubu,http://www.sejm.gov.pl/Sejm7.nsf/posel.xsp?id=048&type=A
47,Bury Jan,PSL,przewodniczący klubu,http://www.sejm.gov.pl/Sejm7.nsf/posel.xsp?id=050&type=A
48,Butryn Renata,PO,None,http://www.sejm.gov.pl/Sejm7.nsf/posel.xsp?id=051&type=A
49,Cedzyński Jan,SLD,None,http://www.sejm.gov.pl/Sejm7.nsf/posel.xsp?id=052&type=A
50,Charłampowicz Jarosław,PO,None,http://www.sejm.gov.pl/Sejm7.nsf/posel.xsp?id=053&type=A
51,Chmielewski Stanisław,PO,None,http://www.sejm.gov.pl/Sejm7.nsf/posel.xsp?id=489&type=A
52,Chmielowiec Zbigniew,PiS,None,http://www.sejm.gov.pl/Sejm7.nsf/posel.xsp?id=054&type=A
53,Chmielowski Piotr,SLD,None,http://www.sejm.gov.pl/Sejm7.nsf/posel.xsp?id=055&type=A
54,Chrapkiewicz Daniela,PiS,None,http://www.sejm.gov.pl/Sejm7.nsf/posel.xsp?id=513&type=A
55,Cichoń Janusz,PO,None,http://www.sejm.gov.pl/Sejm7.nsf/posel.xsp?id=057&type=A
56,Ciemniak Grażyna,PO,None,http://www.sejm.gov.pl/Sejm7.nsf/posel.xsp?id=495&type=A
57,Cieśliński Piotr,PO,None,http://www.sejm.gov.pl/Sejm7.nsf/posel.xsp?id=058&type=A
58,Cycoń Marian,PO,None,http://www.sejm.gov.pl/Sejm7.nsf/posel.xsp?id=059&type=A
59,Czaplicka Barbara,PO,None,http://www.sejm.gov.pl/Sejm7.nsf/posel.xsp?id=060&type=A
60,Czarnecki Przemysław,PiS,None,http://www.sejm.gov.pl/Sejm7.nsf/posel.xsp?id=476&type=A
61,Czarnecki Witold,PiS,None,http://www.sejm.gov.pl/Sejm7.nsf/posel.xsp?id=061&type=A
62,Czartoryski Arkadiusz,PiS,None,http://www.sejm.gov.pl/Sejm7.nsf/posel.xsp?id=062&type=A
63,Czechyra Czesław,PO,None,http://www.sejm.gov.pl/Sejm7.nsf/posel.xsp?id=063&type=A
64,Czerniak Jacek,SLD,None,http://www.sejm.gov.pl/Sejm7.nsf/posel.xsp?id=064&type=A
65,Czernow Zofia,PO,None,http://www.sejm.gov.pl/Sejm7.nsf/posel.xsp?id=065&type=A
66,Czerwiński Andrzej,PO,None,http://www.sejm.gov.pl/Sejm7.nsf/posel.xsp?id=066&type=A
67,Czeszejko-Sochacka Ewa,PO,None,http://www.sejm.gov.pl/Sejm7.nsf/posel.xsp?id=493&type=A
68,Czykwin Eugeniusz,SLD,None,http://www.sejm.gov.pl/Sejm7.nsf/posel.xsp?id=068&type=A
69,Ćwik Piotr Krzysztof,PiS,None,http://www.sejm.gov.pl/Sejm7.nsf/posel.xsp?id=477&type=A
70,Dąbrowska Alicja,PO,None,http://www.sejm.gov.pl/Sejm7.nsf/posel.xsp?id=069&type=A
71,Dąbrowski Andrzej,ZP,None,http://www.sejm.gov.pl/Sejm7.nsf/posel.xsp?id=463&type=A
72,Dera Andrzej,ZP,None,http://www.sejm.gov.pl/Sejm7.nsf/posel.xsp?id=070&type=A
73,Dębski Artur,PSL,None,http://www.sejm.gov.pl/Sejm7.nsf/posel.xsp?id=071&type=A
74,Dobrzyński Leszek,PiS,None,http://www.sejm.gov.pl/Sejm7.nsf/posel.xsp?id=072&type=A
75,Dolata Zbigniew,PiS,None,http://www.sejm.gov.pl/Sejm7.nsf/posel.xsp?id=073&type=A
76,Dołecki Andrzej,RP,None,http://www.sejm.gov.pl/Sejm7.nsf/posel.xsp?id=517&type=A
77,Domaracki Marek,SLD,None,http://www.sejm.gov.pl/Sejm7.nsf/posel.xsp?id=074&type=A
78,Dorn Ludwik,niez.,None,http://www.sejm.gov.pl/Sejm7.nsf/posel.xsp?id=075&type=A
79,Drozd Ewa,PO,None,http://www.sejm.gov.pl/Sejm7.nsf/posel.xsp?id=076&type=A
80,Dunin Artur,PO,None,http://www.sejm.gov.pl/Sejm7.nsf/posel.xsp?id=078&type=A
81,Durka Zenon,PO,None,http://www.sejm.gov.pl/Sejm7.nsf/posel.xsp?id=079&type=A
82,Duszek Marcin,PiS,None,http://www.sejm.gov.pl/Sejm7.nsf/posel.xsp?id=496&type=A
83,Dworczyk Michał,PiS,None,http://www.sejm.gov.pl/Sejm7.nsf/posel.xsp?id=516&type=A
84,Dziadzio Dariusz Cezar,PSL,None,http://www.sejm.gov.pl/Sejm7.nsf/posel.xsp?id=080&type=A
85,Dziedziczak Jan,PiS,None,http://www.sejm.gov.pl/Sejm7.nsf/posel.xsp?id=081&type=A
86,Dzięcioł Janusz,PO,None,http://www.sejm.gov.pl/Sejm7.nsf/posel.xsp?id=082&type=A
87,Dzikowski Waldy,PO,None,http://www.sejm.gov.pl/Sejm7.nsf/posel.xsp?id=083&type=A
88,Dziuba Tadeusz,PiS,None,http://www.sejm.gov.pl/Sejm7.nsf/posel.xsp?id=084&type=A
89,Elsner Wincenty,SLD,członek prezydium klubu,http://www.sejm.gov.pl/Sejm7.nsf/posel.xsp?id=085&type=A
90,Fabisiak Joanna,PO,None,http://www.sejm.gov.pl/Sejm7.nsf/posel.xsp?id=086&type=A
91,Falfus Jacek,PiS,None,http://www.sejm.gov.pl/Sejm7.nsf/posel.xsp?id=087&type=A
92,Fedorowicz Jerzy,PO,None,http://www.sejm.gov.pl/Sejm7.nsf/posel.xsp?id=088&type=A
93,Fiedler Arkady,PO,None,http://www.sejm.gov.pl/Sejm7.nsf/posel.xsp?id=089&type=A
94,Gadowski Krzysztof,PO,None,http://www.sejm.gov.pl/Sejm7.nsf/posel.xsp?id=091&type=A
95,Galla Ryszard,niez.,None,http://www.sejm.gov.pl/Sejm7.nsf/posel.xsp?id=092&type=A
96,Gałażewski Andrzej,PO,None,http://www.sejm.gov.pl/Sejm7.nsf/posel.xsp?id=093&type=A
97,Gapińska Elżbieta,PO,None,http://www.sejm.gov.pl/Sejm7.nsf/posel.xsp?id=094&type=A
98,Garbowski Tomasz,SLD,None,http://www.sejm.gov.pl/Sejm7.nsf/posel.xsp?id=095&type=A
99,Garczewski Romuald,PSL,None,http://www.sejm.gov.pl/Sejm7.nsf/posel.xsp?id=505&type=A
100,Gawłowski Stanisław,PO,None,http://www.sejm.gov.pl/Sejm7.nsf/posel.xsp?id=096&type=A
101,Gądek Lidia,PO,None,http://www.sejm.gov.pl/Sejm7.nsf/posel.xsp?id=097&type=A
102,Gąsior-Marek Magdalena,PO,None,http://www.sejm.gov.pl/Sejm7.nsf/posel.xsp?id=098&type=A
103,Gelert Elżbieta,PO,None,http://www.sejm.gov.pl/Sejm7.nsf/posel.xsp?id=099&type=A
104,Gibała Łukasz,niez.,None,http://www.sejm.gov.pl/Sejm7.nsf/posel.xsp?id=100&type=A
105,Gierada Artur,PO,None,http://www.sejm.gov.pl/Sejm7.nsf/posel.xsp?id=101&type=A
106,Girzyński Zbigniew,niez.,None,http://www.sejm.gov.pl/Sejm7.nsf/posel.xsp?id=102&type=A
107,Giżyński Szymon,PiS,None,http://www.sejm.gov.pl/Sejm7.nsf/posel.xsp?id=103&type=A
108,Gluza Czesław,SLD,None,http://www.sejm.gov.pl/Sejm7.nsf/posel.xsp?id=104&type=A
109,Głogowski Tomasz,PO,None,http://www.sejm.gov.pl/Sejm7.nsf/posel.xsp?id=105&type=A
110,Głuchowski Krzysztof,PiS,None,http://www.sejm.gov.pl/Sejm7.nsf/posel.xsp?id=515&type=A
111,Godson John Abraham,PSL,None,http://www.sejm.gov.pl/Sejm7.nsf/posel.xsp?id=106&type=A
112,Golba Mieczysław,ZP,None,http://www.sejm.gov.pl/Sejm7.nsf/posel.xsp?id=107&type=A
113,Gołojuch Kazimierz,PiS,None,http://www.sejm.gov.pl/Sejm7.nsf/posel.xsp?id=108&type=A
114,Gos Marek,PSL,None,http://www.sejm.gov.pl/Sejm7.nsf/posel.xsp?id=461&type=A
115,Gosiewska Małgorzata,PiS,None,http://www.sejm.gov.pl/Sejm7.nsf/posel.xsp?id=109&type=A
116,Gowin Jarosław,ZP,przewodniczący klubu,http://www.sejm.gov.pl/Sejm7.nsf/posel.xsp?id=110&type=A
117,Górczyński Artur,SLD,None,http://www.sejm.gov.pl/Sejm7.nsf/posel.xsp?id=111&type=A
118,Górski Artur,PiS,None,http://www.sejm.gov.pl/Sejm7.nsf/posel.xsp?id=113&type=A
119,Górski Tomasz,niez.,None,http://www.sejm.gov.pl/Sejm7.nsf/posel.xsp?id=114&type=A
120,Grabarczyk Cezary,PO,None,http://www.sejm.gov.pl/Sejm7.nsf/posel.xsp?id=115&type=A
121,Grad Mariusz,PO,None,http://www.sejm.gov.pl/Sejm7.nsf/posel.xsp?id=117&type=A
122,Grodzka Anna,niez.,None,http://www.sejm.gov.pl/Sejm7.nsf/posel.xsp?id=119&type=A
123,Gromadzki Jarosław,niez.,None,http://www.sejm.gov.pl/Sejm7.nsf/posel.xsp?id=503&type=A
124,Grupiński Rafał,PO,przewodniczący klubu,http://www.sejm.gov.pl/Sejm7.nsf/posel.xsp?id=120&type=A
125,Grzeszczak Eugeniusz Tomasz,PSL,członek prezydium klubu,http://www.sejm.gov.pl/Sejm7.nsf/posel.xsp?id=121&type=A
126,Gut-Mostowy Andrzej,PO,None,http://www.sejm.gov.pl/Sejm7.nsf/posel.xsp?id=122&type=A
127,Guzowska Iwona,PO,None,http://www.sejm.gov.pl/Sejm7.nsf/posel.xsp?id=123&type=A
128,Halicki Andrzej,PO,None,http://www.sejm.gov.pl/Sejm7.nsf/posel.xsp?id=124&type=A
129,Hall Katarzyna,PO,None,http://www.sejm.gov.pl/Sejm7.nsf/posel.xsp?id=125&type=A
130,Hanajczyk Agnieszka,PO,None,http://www.sejm.gov.pl/Sejm7.nsf/posel.xsp?id=126&type=A
131,Henczyca Bożena,PO,None,http://www.sejm.gov.pl/Sejm7.nsf/posel.xsp?id=499&type=A
132,Hoc Czesław,PiS,None,http://www.sejm.gov.pl/Sejm7.nsf/posel.xsp?id=128&type=A
133,Hofman Adam,niez.,None,http://www.sejm.gov.pl/Sejm7.nsf/posel.xsp?id=129&type=A
134,Hok Marek,PO,None,http://www.sejm.gov.pl/Sejm7.nsf/posel.xsp?id=130&type=A
135,Hoppe Teresa,PO,None,http://www.sejm.gov.pl/Sejm7.nsf/posel.xsp?id=131&type=A
136,Hrynkiewicz Józefa,PiS,None,http://www.sejm.gov.pl/Sejm7.nsf/posel.xsp?id=132&type=A
137,Huskowski Stanisław,PO,None,http://www.sejm.gov.pl/Sejm7.nsf/posel.xsp?id=133&type=A
138,Iwiński Tadeusz,SLD,None,http://www.sejm.gov.pl/Sejm7.nsf/posel.xsp?id=134&type=A
139,Jach Michał,PiS,None,http://www.sejm.gov.pl/Sejm7.nsf/posel.xsp?id=135&type=A
140,Jagiełło Jarosław Tomasz,niez.,None,http://www.sejm.gov.pl/Sejm7.nsf/posel.xsp?id=464&type=A
141,Jagła Robert,PO,None,http://www.sejm.gov.pl/Sejm7.nsf/posel.xsp?id=490&type=A
142,Jaki Patryk,ZP,rzecznik klubu,http://www.sejm.gov.pl/Sejm7.nsf/posel.xsp?id=137&type=A
143,Janczyk Wiesław,PiS,None,http://www.sejm.gov.pl/Sejm7.nsf/posel.xsp?id=138&type=A
144,Janik Grzegorz,PiS,None,http://www.sejm.gov.pl/Sejm7.nsf/posel.xsp?id=468&type=A
145,Janik Renata,PO,None,http://www.sejm.gov.pl/Sejm7.nsf/posel.xsp?id=470&type=A
146,Janyska Maria Małgorzata,PO,None,http://www.sejm.gov.pl/Sejm7.nsf/posel.xsp?id=139&type=A
147,Jarmuziewicz Tadeusz,PO,None,http://www.sejm.gov.pl/Sejm7.nsf/posel.xsp?id=140&type=A
148,Jaros Michał,PO,None,http://www.sejm.gov.pl/Sejm7.nsf/posel.xsp?id=141&type=A
149,Jasiński Wojciech,PiS,None,http://www.sejm.gov.pl/Sejm7.nsf/posel.xsp?id=143&type=A
150,Jastrzębski Leszek,PO,None,http://www.sejm.gov.pl/Sejm7.nsf/posel.xsp?id=144&type=A
151,Jaworski Andrzej,PiS,None,http://www.sejm.gov.pl/Sejm7.nsf/posel.xsp?id=145&type=A
152,Jędrysek Mariusz Orion,PiS,None,http://www.sejm.gov.pl/Sejm7.nsf/posel.xsp?id=146&type=A
153,Joński Dariusz,SLD,rzecznik prasowy klubu,http://www.sejm.gov.pl/Sejm7.nsf/posel.xsp?id=147&type=A
154,Jurgiel Krzysztof,PiS,None,http://www.sejm.gov.pl/Sejm7.nsf/posel.xsp?id=148&type=A
155,Kabaciński Michał,RP,wiceprzewodniczący koła,http://www.sejm.gov.pl/Sejm7.nsf/posel.xsp?id=149&type=A
156,Kaczor Roman,PO,None,http://www.sejm.gov.pl/Sejm7.nsf/posel.xsp?id=151&type=A
157,Kaczyński Filip,PiS,None,http://www.sejm.gov.pl/Sejm7.nsf/posel.xsp?id=514&type=A
158,Kaczyński Jarosław,PiS,None,http://www.sejm.gov.pl/Sejm7.nsf/posel.xsp?id=152&type=A
159,Kalemba Stanisław,PSL,None,http://www.sejm.gov.pl/Sejm7.nsf/posel.xsp?id=153&type=A
160,Kalisz Ryszard,niez.,None,http://www.sejm.gov.pl/Sejm7.nsf/posel.xsp?id=154&type=A
161,Kamińska Bożena,PO,None,http://www.sejm.gov.pl/Sejm7.nsf/posel.xsp?id=155&type=A
162,Kamiński Mariusz,PiS,None,http://www.sejm.gov.pl/Sejm7.nsf/posel.xsp?id=156&type=A
163,Kamiński Mariusz Antoni,niez.,None,http://www.sejm.gov.pl/Sejm7.nsf/posel.xsp?id=157&type=A
164,Kamiński Tomasz,SLD,None,http://www.sejm.gov.pl/Sejm7.nsf/posel.xsp?id=158&type=A
165,Kania Andrzej,ZP,None,http://www.sejm.gov.pl/Sejm7.nsf/posel.xsp?id=159&type=A
166,Karpiński Grzegorz,PO,None,http://www.sejm.gov.pl/Sejm7.nsf/posel.xsp?id=500&type=A
167,Karpiński Włodzimierz,PO,None,http://www.sejm.gov.pl/Sejm7.nsf/posel.xsp?id=160&type=A
168,Kasprzak Mieczysław,PSL,None,http://www.sejm.gov.pl/Sejm7.nsf/posel.xsp?id=161&type=A
169,Kaźmierczak Jan,PO,None,http://www.sejm.gov.pl/Sejm7.nsf/posel.xsp?id=163&type=A
170,Kempa Beata,ZP,wiceprzewodnicząca klubu,http://www.sejm.gov.pl/Sejm7.nsf/posel.xsp?id=164&type=A
171,Kępiński Adam,SLD,None,http://www.sejm.gov.pl/Sejm7.nsf/posel.xsp?id=165&type=A
172,Kidawa-Błońska Małgorzata,PO,wiceprzewodnicząca klubu,http://www.sejm.gov.pl/Sejm7.nsf/posel.xsp?id=166&type=A
173,Kierwiński Marcin,PO,None,http://www.sejm.gov.pl/Sejm7.nsf/posel.xsp?id=167&type=A
174,Klepacz Witold,SLD,None,http://www.sejm.gov.pl/Sejm7.nsf/posel.xsp?id=168&type=A
175,Kluzik-Rostkowska Joanna,PO,None,http://www.sejm.gov.pl/Sejm7.nsf/posel.xsp?id=170&type=A
176,Kłopotek Eugeniusz,PSL,None,http://www.sejm.gov.pl/Sejm7.nsf/posel.xsp?id=171&type=A
177,Kłosin Krystyna,PO,None,http://www.sejm.gov.pl/Sejm7.nsf/posel.xsp?id=172&type=A
178,Kłosowski Krzysztof,SLD,None,http://www.sejm.gov.pl/Sejm7.nsf/posel.xsp?id=173&type=A
179,Kłosowski Sławomir,PiS,None,http://www.sejm.gov.pl/Sejm7.nsf/posel.xsp?id=174&type=A
180,Kmiecik Henryk,PSL,None,http://www.sejm.gov.pl/Sejm7.nsf/posel.xsp?id=175&type=A
181,Kochan Magdalena,PO,None,http://www.sejm.gov.pl/Sejm7.nsf/posel.xsp?id=176&type=A
182,Kolenda-Łabuś Brygida,PO,None,http://www.sejm.gov.pl/Sejm7.nsf/posel.xsp?id=177&type=A
183,Kołacz-Leszczyńska Agnieszka,PO,None,http://www.sejm.gov.pl/Sejm7.nsf/posel.xsp?id=178&type=A
184,Kołakowski Lech,PiS,None,http://www.sejm.gov.pl/Sejm7.nsf/posel.xsp?id=179&type=A
185,Kołakowski Robert,PiS,None,http://www.sejm.gov.pl/Sejm7.nsf/posel.xsp?id=180&type=A
186,Kołodziej Ewa,PO,None,http://www.sejm.gov.pl/Sejm7.nsf/posel.xsp?id=181&type=A
187,Konwiński Zbigniew,PO,None,http://www.sejm.gov.pl/Sejm7.nsf/posel.xsp?id=182&type=A
188,Kopacz Ewa,PO,None,http://www.sejm.gov.pl/Sejm7.nsf/posel.xsp?id=183&type=A
189,Kopaczewska Domicela,PO,None,http://www.sejm.gov.pl/Sejm7.nsf/posel.xsp?id=184&type=A
190,Kopyciński Sławomir,BC,None,http://www.sejm.gov.pl/Sejm7.nsf/posel.xsp?id=185&type=A
191,Korzeniowski Leszek,PO,None,http://www.sejm.gov.pl/Sejm7.nsf/posel.xsp?id=186&type=A
192,Kosecki Roman Jacek,PO,None,http://www.sejm.gov.pl/Sejm7.nsf/posel.xsp?id=187&type=A
193,Kotliński Roman,niez.,None,http://www.sejm.gov.pl/Sejm7.nsf/posel.xsp?id=188&type=A
194,Kowalczyk Henryk,PiS,None,http://www.sejm.gov.pl/Sejm7.nsf/posel.xsp?id=189&type=A
195,Kowalski Sławomir,PO,None,http://www.sejm.gov.pl/Sejm7.nsf/posel.xsp?id=190&type=A
196,Kownacki Bartosz,PiS,None,http://www.sejm.gov.pl/Sejm7.nsf/posel.xsp?id=191&type=A
197,Kozaczyński Jacek,PO,None,http://www.sejm.gov.pl/Sejm7.nsf/posel.xsp?id=192&type=A
198,Kozdroń Jerzy,PO,None,http://www.sejm.gov.pl/Sejm7.nsf/posel.xsp?id=193&type=A
199,Kozłowska Iwona,PO,None,http://www.sejm.gov.pl/Sejm7.nsf/posel.xsp?id=194&type=A
200,Koźlakiewicz Mirosław,PO,None,http://www.sejm.gov.pl/Sejm7.nsf/posel.xsp?id=196&type=A
201,Kraczkowski Maks,PiS,None,http://www.sejm.gov.pl/Sejm7.nsf/posel.xsp?id=197&type=A
202,Krajewska Ligia,PO,None,http://www.sejm.gov.pl/Sejm7.nsf/posel.xsp?id=198&type=A
203,Krasulski Leonard,PiS,None,http://www.sejm.gov.pl/Sejm7.nsf/posel.xsp?id=199&type=A
204,Kropiwnicki Robert,PO,None,http://www.sejm.gov.pl/Sejm7.nsf/posel.xsp?id=200&type=A
205,Król Piotr,PiS,None,http://www.sejm.gov.pl/Sejm7.nsf/posel.xsp?id=478&type=A
206,Królikowska-Kińska Elżbieta,PO,None,http://www.sejm.gov.pl/Sejm7.nsf/posel.xsp?id=469&type=A
207,Kruk Elżbieta,PiS,None,http://www.sejm.gov.pl/Sejm7.nsf/posel.xsp?id=201&type=A
208,Krupa Łukasz,niez.,None,http://www.sejm.gov.pl/Sejm7.nsf/posel.xsp?id=202&type=A
209,Krysztofiak Przemysław,PO,None,http://www.sejm.gov.pl/Sejm7.nsf/posel.xsp?id=501&type=A
210,Krząkała Marek,PO,None,http://www.sejm.gov.pl/Sejm7.nsf/posel.xsp?id=203&type=A
211,Kucharski Cezary,PO,None,http://www.sejm.gov.pl/Sejm7.nsf/posel.xsp?id=204&type=A
212,Kuchciński Marek,PiS,None,http://www.sejm.gov.pl/Sejm7.nsf/posel.xsp?id=205&type=A
213,Kulas Jan,PO,None,http://www.sejm.gov.pl/Sejm7.nsf/posel.xsp?id=508&type=A
214,Kulesza Tomasz,PO,None,http://www.sejm.gov.pl/Sejm7.nsf/posel.xsp?id=465&type=A
215,Kwiatkowski Jacek,RP,None,http://www.sejm.gov.pl/Sejm7.nsf/posel.xsp?id=209&type=A
216,Kwitek Marek,PiS,None,http://www.sejm.gov.pl/Sejm7.nsf/posel.xsp?id=492&type=A
217,Lamczyk Stanisław,PO,None,http://www.sejm.gov.pl/Sejm7.nsf/posel.xsp?id=211&type=A
218,Lassota Józef,PO,None,http://www.sejm.gov.pl/Sejm7.nsf/posel.xsp?id=212&type=A
219,Latos Tomasz,PiS,None,http://www.sejm.gov.pl/Sejm7.nsf/posel.xsp?id=213&type=A
220,Lenz Tomasz,PO,wiceprzewodniczący klubu,http://www.sejm.gov.pl/Sejm7.nsf/posel.xsp?id=214&type=A
221,Leszczyna Izabela,PO,None,http://www.sejm.gov.pl/Sejm7.nsf/posel.xsp?id=215&type=A
222,Lewandowski Andrzej,RP,None,http://www.sejm.gov.pl/Sejm7.nsf/posel.xsp?id=216&type=A
223,Lipiec Krzysztof,PiS,None,http://www.sejm.gov.pl/Sejm7.nsf/posel.xsp?id=217&type=A
224,Lipiński Adam,PiS,None,http://www.sejm.gov.pl/Sejm7.nsf/posel.xsp?id=218&type=A
225,Litwiński Arkadiusz,PO,None,http://www.sejm.gov.pl/Sejm7.nsf/posel.xsp?id=219&type=A
226,Łapiński Marek,PO,None,http://www.sejm.gov.pl/Sejm7.nsf/posel.xsp?id=220&type=A
227,Łatas Marek,PiS,None,http://www.sejm.gov.pl/Sejm7.nsf/posel.xsp?id=221&type=A
228,Ławrynowicz Zofia,PO,None,http://www.sejm.gov.pl/Sejm7.nsf/posel.xsp?id=222&type=A
229,Łopata Jan,PSL,wiceprzewodniczący klubu,http://www.sejm.gov.pl/Sejm7.nsf/posel.xsp?id=223&type=A
230,Machałek Marzena,PiS,None,http://www.sejm.gov.pl/Sejm7.nsf/posel.xsp?id=227&type=A
231,Maciaszek Robert,PO,None,http://www.sejm.gov.pl/Sejm7.nsf/posel.xsp?id=494&type=A
232,Maciejewski Krzysztof,PiS,None,http://www.sejm.gov.pl/Sejm7.nsf/posel.xsp?id=502&type=A
233,Macierewicz Antoni,PiS,None,http://www.sejm.gov.pl/Sejm7.nsf/posel.xsp?id=228&type=A
234,Makowski Tomasz,PSL,None,http://www.sejm.gov.pl/Sejm7.nsf/posel.xsp?id=229&type=A
235,Malik Ewa,PiS,None,http://www.sejm.gov.pl/Sejm7.nsf/posel.xsp?id=230&type=A
236,Maliszewski Mirosław,PSL,None,http://www.sejm.gov.pl/Sejm7.nsf/posel.xsp?id=231&type=A
237,Małecka-Libera Beata,PO,None,http://www.sejm.gov.pl/Sejm7.nsf/posel.xsp?id=232&type=A
238,Małecki Maciej,PiS,None,http://www.sejm.gov.pl/Sejm7.nsf/posel.xsp?id=233&type=A
239,Marcinkiewicz Małgorzata,RP,None,http://www.sejm.gov.pl/Sejm7.nsf/posel.xsp?id=234&type=A
240,Marczułajtis-Walczak Jagna,PO,None,http://www.sejm.gov.pl/Sejm7.nsf/posel.xsp?id=235&type=A
241,Masłowska Gabriela,PiS,None,http://www.sejm.gov.pl/Sejm7.nsf/posel.xsp?id=236&type=A
242,Mastalerek Marcin,PiS,None,http://www.sejm.gov.pl/Sejm7.nsf/posel.xsp?id=237&type=A
243,Materna Jerzy,PiS,None,http://www.sejm.gov.pl/Sejm7.nsf/posel.xsp?id=238&type=A
244,Matusiak Grzegorz,PiS,None,http://www.sejm.gov.pl/Sejm7.nsf/posel.xsp?id=239&type=A
245,Matusik-Lipiec Katarzyna,PO,None,http://www.sejm.gov.pl/Sejm7.nsf/posel.xsp?id=240&type=A
246,Matuszczak Zbigniew,SLD,None,http://www.sejm.gov.pl/Sejm7.nsf/posel.xsp?id=241&type=A
247,Matuszewski Marek,PiS,None,http://www.sejm.gov.pl/Sejm7.nsf/posel.xsp?id=242&type=A
248,Mazurek Beata,PiS,None,http://www.sejm.gov.pl/Sejm7.nsf/posel.xsp?id=243&type=A
249,Mężydło Antoni,PO,None,http://www.sejm.gov.pl/Sejm7.nsf/posel.xsp?id=244&type=A
250,Michałkiewicz Krzysztof,PiS,None,http://www.sejm.gov.pl/Sejm7.nsf/posel.xsp?id=245&type=A
251,Miller Leszek,SLD,przewodniczący klubu,http://www.sejm.gov.pl/Sejm7.nsf/posel.xsp?id=246&type=A
252,Miller Rajmund,PO,None,http://www.sejm.gov.pl/Sejm7.nsf/posel.xsp?id=247&type=A
253,Młyńczak Aldona,PO,None,http://www.sejm.gov.pl/Sejm7.nsf/posel.xsp?id=479&type=A
254,Moskal Kazimierz,PiS,None,http://www.sejm.gov.pl/Sejm7.nsf/posel.xsp?id=249&type=A
255,Mroczek Czesław,PO,None,http://www.sejm.gov.pl/Sejm7.nsf/posel.xsp?id=250&type=A
256,Mroczek Maciej,RP,skarbnik koła,http://www.sejm.gov.pl/Sejm7.nsf/posel.xsp?id=251&type=A
257,Mrzygłocka Izabela Katarzyna,PO,wiceprzewodnicząca klubu,http://www.sejm.gov.pl/Sejm7.nsf/posel.xsp?id=252&type=A
258,Mucha Joanna,PO,None,http://www.sejm.gov.pl/Sejm7.nsf/posel.xsp?id=253&type=A
259,Mularczyk Arkadiusz,ZP,wiceprzewodniczący klubu,http://www.sejm.gov.pl/Sejm7.nsf/posel.xsp?id=254&type=A
260,Munyama Killion,PO,None,http://www.sejm.gov.pl/Sejm7.nsf/posel.xsp?id=255&type=A
261,Naguszewski Tadeusz,PO,None,http://www.sejm.gov.pl/Sejm7.nsf/posel.xsp?id=497&type=A
262,Naimski Piotr,PiS,None,http://www.sejm.gov.pl/Sejm7.nsf/posel.xsp?id=256&type=A
263,Najder Jacek,BC,przewodniczący koła,http://www.sejm.gov.pl/Sejm7.nsf/posel.xsp?id=257&type=A
264,Napieralski Grzegorz,BC,None,http://www.sejm.gov.pl/Sejm7.nsf/posel.xsp?id=258&type=A
265,Nawrocka Elżbieta,PSL,None,http://www.sejm.gov.pl/Sejm7.nsf/posel.xsp?id=509&type=A
266,Nemś Anna,PO,None,http://www.sejm.gov.pl/Sejm7.nsf/posel.xsp?id=259&type=A
267,Neumann Sławomir,PO,None,http://www.sejm.gov.pl/Sejm7.nsf/posel.xsp?id=260&type=A
268,Niedbała Marek,SLD,None,http://www.sejm.gov.pl/Sejm7.nsf/posel.xsp?id=480&type=A
269,Niedziela Dorota,PO,None,http://www.sejm.gov.pl/Sejm7.nsf/posel.xsp?id=261&type=A
270,Niemczyk Małgorzata,PO,None,http://www.sejm.gov.pl/Sejm7.nsf/posel.xsp?id=262&type=A
271,Niesiołowski Stefan,PO,None,http://www.sejm.gov.pl/Sejm7.nsf/posel.xsp?id=263&type=A
272,Nowak Maria,PiS,None,http://www.sejm.gov.pl/Sejm7.nsf/posel.xsp?id=264&type=A
273,Nowak Tomasz Piotr,PO,None,http://www.sejm.gov.pl/Sejm7.nsf/posel.xsp?id=266&type=A
274,Nowicka Wanda,niez.,None,http://www.sejm.gov.pl/Sejm7.nsf/posel.xsp?id=267&type=A
275,Nykiel Mirosława,PO,None,http://www.sejm.gov.pl/Sejm7.nsf/posel.xsp?id=268&type=A
276,Okła-Drewnowicz Marzena,PO,skarbnik klubu,http://www.sejm.gov.pl/Sejm7.nsf/posel.xsp?id=269&type=A
277,Okrągły Janina,PO,None,http://www.sejm.gov.pl/Sejm7.nsf/posel.xsp?id=270&type=A
278,Olechowska Alicja,PO,None,http://www.sejm.gov.pl/Sejm7.nsf/posel.xsp?id=271&type=A
279,Olejniczak Cezary,SLD,None,http://www.sejm.gov.pl/Sejm7.nsf/posel.xsp?id=272&type=A
280,Olendzka Halina,PiS,None,http://www.sejm.gov.pl/Sejm7.nsf/posel.xsp?id=510&type=A
281,Olszewski Paweł,PO,sekretarz klubu,http://www.sejm.gov.pl/Sejm7.nsf/posel.xsp?id=273&type=A
282,Opioła Marek,PiS,None,http://www.sejm.gov.pl/Sejm7.nsf/posel.xsp?id=274&type=A
283,Orzechowski Andrzej,PO,None,http://www.sejm.gov.pl/Sejm7.nsf/posel.xsp?id=275&type=A
284,Orzechowski Maciej,PO,None,http://www.sejm.gov.pl/Sejm7.nsf/posel.xsp?id=276&type=A
285,Ostrowski Artur,SLD,None,http://www.sejm.gov.pl/Sejm7.nsf/posel.xsp?id=277&type=A
286,Osuch Jacek,PiS,None,http://www.sejm.gov.pl/Sejm7.nsf/posel.xsp?id=278&type=A
287,Oświęcimski Konstanty,PO,None,http://www.sejm.gov.pl/Sejm7.nsf/posel.xsp?id=279&type=A
288,Ozga Krystyna,PSL,None,http://www.sejm.gov.pl/Sejm7.nsf/posel.xsp?id=280&type=A
289,Pacelt Zbigniew,PO,None,http://www.sejm.gov.pl/Sejm7.nsf/posel.xsp?id=282&type=A
290,Pacholski Michał Tomasz,PSL,None,http://www.sejm.gov.pl/Sejm7.nsf/posel.xsp?id=283&type=A
291,Pahl Witold,PO,None,http://www.sejm.gov.pl/Sejm7.nsf/posel.xsp?id=284&type=A
292,Paluch Anna,PiS,None,http://www.sejm.gov.pl/Sejm7.nsf/posel.xsp?id=286&type=A
293,Papke Paweł,PO,None,http://www.sejm.gov.pl/Sejm7.nsf/posel.xsp?id=287&type=A
294,Pasławska Urszula,PSL,None,http://www.sejm.gov.pl/Sejm7.nsf/posel.xsp?id=506&type=A
295,Pawlak Mirosław,PSL,None,http://www.sejm.gov.pl/Sejm7.nsf/posel.xsp?id=288&type=A
296,Pawlak Waldemar,PSL,None,http://www.sejm.gov.pl/Sejm7.nsf/posel.xsp?id=289&type=A
297,Pawłowicz Krystyna,PiS,None,http://www.sejm.gov.pl/Sejm7.nsf/posel.xsp?id=290&type=A
298,Penkalski Wojciech,niez.,None,http://www.sejm.gov.pl/Sejm7.nsf/posel.xsp?id=291&type=A
299,Pępek Małgorzata,PO,None,http://www.sejm.gov.pl/Sejm7.nsf/posel.xsp?id=292&type=A
300,Piątak Andrzej,niez.,None,http://www.sejm.gov.pl/Sejm7.nsf/posel.xsp?id=293&type=A
301,Piechociński Janusz,PSL,None,http://www.sejm.gov.pl/Sejm7.nsf/posel.xsp?id=295&type=A
302,Piechota Sławomir Jan,PO,None,http://www.sejm.gov.pl/Sejm7.nsf/posel.xsp?id=296&type=A
303,Pierzchała Elżbieta Apolonia,PO,wiceprzewodnicząca klubu,http://www.sejm.gov.pl/Sejm7.nsf/posel.xsp?id=297&type=A
304,Pietraszewska Danuta,PO,None,http://www.sejm.gov.pl/Sejm7.nsf/posel.xsp?id=298&type=A
305,Pietrzczyk Lucjan Marek,PO,None,http://www.sejm.gov.pl/Sejm7.nsf/posel.xsp?id=299&type=A
306,Pięta Jarosław,PO,None,http://www.sejm.gov.pl/Sejm7.nsf/posel.xsp?id=300&type=A
307,Pięta Stanisław,PiS,None,http://www.sejm.gov.pl/Sejm7.nsf/posel.xsp?id=301&type=A
308,Piontkowski Dariusz,PiS,None,http://www.sejm.gov.pl/Sejm7.nsf/posel.xsp?id=302&type=A
309,Piotrowicz Stanisław,PiS,None,http://www.sejm.gov.pl/Sejm7.nsf/posel.xsp?id=303&type=A
310,Piotrowska Teresa,PO,None,http://www.sejm.gov.pl/Sejm7.nsf/posel.xsp?id=304&type=A
311,Plocke Kazimierz,PO,None,http://www.sejm.gov.pl/Sejm7.nsf/posel.xsp?id=306&type=A
312,Pluta Mirosław,PO,None,http://www.sejm.gov.pl/Sejm7.nsf/posel.xsp?id=308&type=A
313,Polaczek Jerzy,PiS,None,http://www.sejm.gov.pl/Sejm7.nsf/posel.xsp?id=309&type=A
314,Polak Marek,PiS,None,http://www.sejm.gov.pl/Sejm7.nsf/posel.xsp?id=310&type=A
315,Polak Piotr,PiS,None,http://www.sejm.gov.pl/Sejm7.nsf/posel.xsp?id=311&type=A
316,Pomaska Agnieszka,PO,None,http://www.sejm.gov.pl/Sejm7.nsf/posel.xsp?id=312&type=A
317,Popiołek Krzysztof,ZP,None,http://www.sejm.gov.pl/Sejm7.nsf/posel.xsp?id=313&type=A
318,Popiołek Zofia,RP,None,http://www.sejm.gov.pl/Sejm7.nsf/posel.xsp?id=314&type=A
319,Poręba Marek,PO,None,http://www.sejm.gov.pl/Sejm7.nsf/posel.xsp?id=511&type=A
320,Poznański Marek,niez.,None,http://www.sejm.gov.pl/Sejm7.nsf/posel.xsp?id=316&type=A
321,Prządka Stanisława,SLD,None,http://www.sejm.gov.pl/Sejm7.nsf/posel.xsp?id=317&type=A
322,Pyzik Piotr,PiS,None,http://www.sejm.gov.pl/Sejm7.nsf/posel.xsp?id=318&type=A
323,Racki Józef,PSL,None,http://www.sejm.gov.pl/Sejm7.nsf/posel.xsp?id=319&type=A
324,Raczkowski Damian,PO,None,http://www.sejm.gov.pl/Sejm7.nsf/posel.xsp?id=320&type=A
325,Radziszewska Elżbieta,PO,None,http://www.sejm.gov.pl/Sejm7.nsf/posel.xsp?id=321&type=A
326,Rafalska Elżbieta,PiS,None,http://www.sejm.gov.pl/Sejm7.nsf/posel.xsp?id=322&type=A
327,Raniewicz Grzegorz,PO,None,http://www.sejm.gov.pl/Sejm7.nsf/posel.xsp?id=323&type=A
328,Raś Ireneusz,PO,None,http://www.sejm.gov.pl/Sejm7.nsf/posel.xsp?id=324&type=A
329,Rogacki Adam,niez.,None,http://www.sejm.gov.pl/Sejm7.nsf/posel.xsp?id=326&type=A
330,Rojek Józef,ZP,None,http://www.sejm.gov.pl/Sejm7.nsf/posel.xsp?id=327&type=A
331,Romanek Andrzej,ZP,None,http://www.sejm.gov.pl/Sejm7.nsf/posel.xsp?id=328&type=A
332,Rozenek Andrzej,BC,None,http://www.sejm.gov.pl/Sejm7.nsf/posel.xsp?id=330&type=A
333,Rozpondek Halina,PO,None,http://www.sejm.gov.pl/Sejm7.nsf/posel.xsp?id=331&type=A
334,Rusecka Urszula,PiS,None,http://www.sejm.gov.pl/Sejm7.nsf/posel.xsp?id=512&type=A
335,Rusinowska Beata,PO,None,http://www.sejm.gov.pl/Sejm7.nsf/posel.xsp?id=481&type=A
336,Rutkowska Dorota,PO,None,http://www.sejm.gov.pl/Sejm7.nsf/posel.xsp?id=333&type=A
337,Rutnicki Jakub,PO,None,http://www.sejm.gov.pl/Sejm7.nsf/posel.xsp?id=334&type=A
338,Rybakowicz Adam,RP,None,http://www.sejm.gov.pl/Sejm7.nsf/posel.xsp?id=335&type=A
339,Ryfiński Armand Kamil,niez.,None,http://www.sejm.gov.pl/Sejm7.nsf/posel.xsp?id=337&type=A
340,Rząsa Marek,PO,None,http://www.sejm.gov.pl/Sejm7.nsf/posel.xsp?id=339&type=A
341,Rzońca Bogdan,PiS,None,http://www.sejm.gov.pl/Sejm7.nsf/posel.xsp?id=340&type=A
342,Rzymełka Jan,PO,None,http://www.sejm.gov.pl/Sejm7.nsf/posel.xsp?id=482&type=A
343,Sajak Paweł,PSL,None,http://www.sejm.gov.pl/Sejm7.nsf/posel.xsp?id=342&type=A
344,Sasin Jacek,PiS,None,http://www.sejm.gov.pl/Sejm7.nsf/posel.xsp?id=344&type=A
345,Sawicki Marek,PSL,None,http://www.sejm.gov.pl/Sejm7.nsf/posel.xsp?id=345&type=A
346,Sądel Jerzy,PiS,None,http://www.sejm.gov.pl/Sejm7.nsf/posel.xsp?id=483&type=A
347,Schetyna Grzegorz,PO,None,http://www.sejm.gov.pl/Sejm7.nsf/posel.xsp?id=346&type=A
348,Schreiber Grzegorz,PiS,None,http://www.sejm.gov.pl/Sejm7.nsf/posel.xsp?id=347&type=A
349,Sekuła-Szmajdzińska Małgorzata,SLD,None,http://www.sejm.gov.pl/Sejm7.nsf/posel.xsp?id=348&type=A
350,Seliga Dariusz,PiS,None,http://www.sejm.gov.pl/Sejm7.nsf/posel.xsp?id=349&type=A
351,Sellin Jarosław,PiS,None,http://www.sejm.gov.pl/Sejm7.nsf/posel.xsp?id=350&type=A
352,Siarka Edward,ZP,None,http://www.sejm.gov.pl/Sejm7.nsf/posel.xsp?id=351&type=A
353,Sibińska Krystyna,PO,None,http://www.sejm.gov.pl/Sejm7.nsf/posel.xsp?id=352&type=A
354,Siedlaczek Henryk,PO,None,http://www.sejm.gov.pl/Sejm7.nsf/posel.xsp?id=353&type=A
355,Sikorski Radosław,PO,None,http://www.sejm.gov.pl/Sejm7.nsf/posel.xsp?id=354&type=A
356,Skowrońska Krystyna,PO,None,http://www.sejm.gov.pl/Sejm7.nsf/posel.xsp?id=355&type=A
357,Sławiak Bożena,PO,None,http://www.sejm.gov.pl/Sejm7.nsf/posel.xsp?id=356&type=A
358,Sługocki Waldemar,PO,None,http://www.sejm.gov.pl/Sejm7.nsf/posel.xsp?id=357&type=A
359,Smirnow Andrzej,PiS,None,http://www.sejm.gov.pl/Sejm7.nsf/posel.xsp?id=484&type=A
360,Smolarz Henryk,PSL,None,http://www.sejm.gov.pl/Sejm7.nsf/posel.xsp?id=462&type=A
361,Smoliński Kazimierz,PiS,None,http://www.sejm.gov.pl/Sejm7.nsf/posel.xsp?id=485&type=A
362,Sobecka Anna Elżbieta,PiS,None,http://www.sejm.gov.pl/Sejm7.nsf/posel.xsp?id=359&type=A
363,Sobierajski Czesław,PiS,None,http://www.sejm.gov.pl/Sejm7.nsf/posel.xsp?id=491&type=A
364,Sońta Krzysztof,PiS,None,http://www.sejm.gov.pl/Sejm7.nsf/posel.xsp?id=486&type=A
365,Sosna Aleksander,SLD,None,http://www.sejm.gov.pl/Sejm7.nsf/posel.xsp?id=487&type=A
366,Sosnowski Zbigniew,PSL,None,http://www.sejm.gov.pl/Sejm7.nsf/posel.xsp?id=360&type=A
367,Sprawka Lech,PiS,None,http://www.sejm.gov.pl/Sejm7.nsf/posel.xsp?id=361&type=A
368,Stachowicz Katarzyna,PO,None,http://www.sejm.gov.pl/Sejm7.nsf/posel.xsp?id=504&type=A
369,Staroń Lidia,niez.,None,http://www.sejm.gov.pl/Sejm7.nsf/posel.xsp?id=362&type=A
370,Stawiarski Jarosław,PiS,None,http://www.sejm.gov.pl/Sejm7.nsf/posel.xsp?id=498&type=A
371,Stefaniuk Franciszek Jerzy,PSL,None,http://www.sejm.gov.pl/Sejm7.nsf/posel.xsp?id=363&type=A
372,Stolarski Marek,SLD,None,http://www.sejm.gov.pl/Sejm7.nsf/posel.xsp?id=364&type=A
373,Strzałkowski Stefan,PiS,None,http://www.sejm.gov.pl/Sejm7.nsf/posel.xsp?id=365&type=A
374,Stuligrosz Michał,PO,None,http://www.sejm.gov.pl/Sejm7.nsf/posel.xsp?id=488&type=A
375,Suchowiejko Wiesław,PO,None,http://www.sejm.gov.pl/Sejm7.nsf/posel.xsp?id=366&type=A
376,Suski Marek,PiS,None,http://www.sejm.gov.pl/Sejm7.nsf/posel.xsp?id=367&type=A
377,Suski Paweł,PO,None,http://www.sejm.gov.pl/Sejm7.nsf/posel.xsp?id=368&type=A
378,Szałamacha Paweł,PiS,None,http://www.sejm.gov.pl/Sejm7.nsf/posel.xsp?id=370&type=A
379,Szarama Wojciech,PiS,None,http://www.sejm.gov.pl/Sejm7.nsf/posel.xsp?id=371&type=A
380,Szczerba Michał,PO,None,http://www.sejm.gov.pl/Sejm7.nsf/posel.xsp?id=372&type=A
381,Szczypińska Jolanta,PiS,None,http://www.sejm.gov.pl/Sejm7.nsf/posel.xsp?id=374&type=A
382,Szeliga Piotr,niez.,None,http://www.sejm.gov.pl/Sejm7.nsf/posel.xsp?id=376&type=A
383,Szlachta Andrzej,PiS,None,http://www.sejm.gov.pl/Sejm7.nsf/posel.xsp?id=377&type=A
384,Szmit Jerzy,PiS,None,http://www.sejm.gov.pl/Sejm7.nsf/posel.xsp?id=378&type=A
385,Sztolcman Grzegorz,PO,None,http://www.sejm.gov.pl/Sejm7.nsf/posel.xsp?id=379&type=A
386,Sztorc Andrzej,PSL,None,http://www.sejm.gov.pl/Sejm7.nsf/posel.xsp?id=380&type=A
387,Szumilas Krystyna,PO,None,http://www.sejm.gov.pl/Sejm7.nsf/posel.xsp?id=382&type=A
388,Szwed Stanisław,PiS,None,http://www.sejm.gov.pl/Sejm7.nsf/posel.xsp?id=383&type=A
389,Szydło Beata,PiS,None,http://www.sejm.gov.pl/Sejm7.nsf/posel.xsp?id=384&type=A
390,Szydłowska Bożena,PO,None,http://www.sejm.gov.pl/Sejm7.nsf/posel.xsp?id=385&type=A
391,Szymański Tomasz,PO,None,http://www.sejm.gov.pl/Sejm7.nsf/posel.xsp?id=386&type=A
392,Szymiec-Raczyńska Halina,PSL,None,http://www.sejm.gov.pl/Sejm7.nsf/posel.xsp?id=387&type=A
393,Szyszko Jan,PiS,None,http://www.sejm.gov.pl/Sejm7.nsf/posel.xsp?id=388&type=A
394,Śledzińska-Katarasińska Iwona,PO,wiceprzewodnicząca klubu,http://www.sejm.gov.pl/Sejm7.nsf/posel.xsp?id=389&type=A
395,Śniadek Janusz,PiS,None,http://www.sejm.gov.pl/Sejm7.nsf/posel.xsp?id=390&type=A
396,Świat Jacek,PiS,None,http://www.sejm.gov.pl/Sejm7.nsf/posel.xsp?id=391&type=A
397,Święcicki Marcin,PO,None,http://www.sejm.gov.pl/Sejm7.nsf/posel.xsp?id=392&type=A
398,Świło Teresa,PO,None,http://www.sejm.gov.pl/Sejm7.nsf/posel.xsp?id=472&type=A
399,Tchórzewski Krzysztof,PiS,None,http://www.sejm.gov.pl/Sejm7.nsf/posel.xsp?id=394&type=A
400,Telus Robert,PiS,None,http://www.sejm.gov.pl/Sejm7.nsf/posel.xsp?id=395&type=A
401,Terlecki Ryszard,PiS,None,http://www.sejm.gov.pl/Sejm7.nsf/posel.xsp?id=396&type=A
402,Tobiszowski Grzegorz,PiS,None,http://www.sejm.gov.pl/Sejm7.nsf/posel.xsp?id=397&type=A
403,Tokarska Genowefa,PSL,None,http://www.sejm.gov.pl/Sejm7.nsf/posel.xsp?id=398&type=A
404,Tomański Piotr,PO,None,http://www.sejm.gov.pl/Sejm7.nsf/posel.xsp?id=399&type=A
405,Tomaszak-Zesiuk Irena,PO,None,http://www.sejm.gov.pl/Sejm7.nsf/posel.xsp?id=473&type=A
406,Tomaszewski Jan,PO,None,http://www.sejm.gov.pl/Sejm7.nsf/posel.xsp?id=400&type=A
407,Tomaszewski Tadeusz,SLD,None,http://www.sejm.gov.pl/Sejm7.nsf/posel.xsp?id=401&type=A
408,Tomczak Jacek,PO,None,http://www.sejm.gov.pl/Sejm7.nsf/posel.xsp?id=402&type=A
409,Tomczyk Cezary,PO,None,http://www.sejm.gov.pl/Sejm7.nsf/posel.xsp?id=403&type=A
410,Tomczykiewicz Tomasz,PO,None,http://www.sejm.gov.pl/Sejm7.nsf/posel.xsp?id=404&type=A
411,Trybuś-Cieślar Aleksandra,PO,None,http://www.sejm.gov.pl/Sejm7.nsf/posel.xsp?id=405&type=A
412,Tusk Łukasz,PO,None,http://www.sejm.gov.pl/Sejm7.nsf/posel.xsp?id=471&type=A
413,Tyszkiewicz Robert,PO,None,http://www.sejm.gov.pl/Sejm7.nsf/posel.xsp?id=407&type=A
414,Van der Coghen Piotr,PO,None,http://www.sejm.gov.pl/Sejm7.nsf/posel.xsp?id=409&type=A
415,Vincent-Rostowski Jan,PO,None,http://www.sejm.gov.pl/Sejm7.nsf/posel.xsp?id=410&type=A
416,Walkowski Piotr,PSL,None,http://www.sejm.gov.pl/Sejm7.nsf/posel.xsp?id=411&type=A
417,Wardzała Robert,PO,None,http://www.sejm.gov.pl/Sejm7.nsf/posel.xsp?id=412&type=A
418,Warzecha Jan,PiS,None,http://www.sejm.gov.pl/Sejm7.nsf/posel.xsp?id=413&type=A
419,Waszczykowski Witold,PiS,None,http://www.sejm.gov.pl/Sejm7.nsf/posel.xsp?id=414&type=A
420,Wenderlich Jerzy,SLD,None,http://www.sejm.gov.pl/Sejm7.nsf/posel.xsp?id=415&type=A
421,Wielichowska Monika,PO,None,http://www.sejm.gov.pl/Sejm7.nsf/posel.xsp?id=416&type=A
422,Wipler Przemysław,niez.,None,http://www.sejm.gov.pl/Sejm7.nsf/posel.xsp?id=417&type=A
423,Witczak Mariusz,PO,None,http://www.sejm.gov.pl/Sejm7.nsf/posel.xsp?id=419&type=A
424,Witek Elżbieta,PiS,None,http://www.sejm.gov.pl/Sejm7.nsf/posel.xsp?id=420&type=A
425,Wojnarowski Norbert,PO,None,http://www.sejm.gov.pl/Sejm7.nsf/posel.xsp?id=424&type=A
426,Wojtkiewicz Michał,PiS,None,http://www.sejm.gov.pl/Sejm7.nsf/posel.xsp?id=425&type=A
427,Wolak Ewa,PO,None,http://www.sejm.gov.pl/Sejm7.nsf/posel.xsp?id=427&type=A
428,Wontor Bogusław,SLD,None,http://www.sejm.gov.pl/Sejm7.nsf/posel.xsp?id=428&type=A
429,Woźniak Grzegorz Adam,PiS,None,http://www.sejm.gov.pl/Sejm7.nsf/posel.xsp?id=429&type=A
430,Woźniak Małgorzata,PO,None,http://www.sejm.gov.pl/Sejm7.nsf/posel.xsp?id=507&type=A
431,Woźniak Tadeusz,ZP,None,http://www.sejm.gov.pl/Sejm7.nsf/posel.xsp?id=430&type=A
432,Wójcik Marek,PO,None,http://www.sejm.gov.pl/Sejm7.nsf/posel.xsp?id=431&type=A
433,Wróbel Marzena Dorota,niez.,None,http://www.sejm.gov.pl/Sejm7.nsf/posel.xsp?id=432&type=A
434,Wydrzyński Maciej,RP,None,http://www.sejm.gov.pl/Sejm7.nsf/posel.xsp?id=433&type=A
435,Wziątek Stanisław,SLD,None,http://www.sejm.gov.pl/Sejm7.nsf/posel.xsp?id=434&type=A
436,Zaborowski Zbyszek,SLD,zastępca przewodniczącego klubu,http://www.sejm.gov.pl/Sejm7.nsf/posel.xsp?id=435&type=A
437,Zakrzewska Jadwiga,PO,None,http://www.sejm.gov.pl/Sejm7.nsf/posel.xsp?id=436&type=A
438,Zalewska Anna,PiS,None,http://www.sejm.gov.pl/Sejm7.nsf/posel.xsp?id=437&type=A
439,Zaremba Renata,PO,None,http://www.sejm.gov.pl/Sejm7.nsf/posel.xsp?id=438&type=A
440,Zawadzki Ryszard,PO,None,http://www.sejm.gov.pl/Sejm7.nsf/posel.xsp?id=439&type=A
441,Zawiślak Sławomir,PiS,None,http://www.sejm.gov.pl/Sejm7.nsf/posel.xsp?id=440&type=A
442,Zbonikowski Łukasz,PiS,None,http://www.sejm.gov.pl/Sejm7.nsf/posel.xsp?id=441&type=A
443,Zbrzyzny Ryszard,SLD,sekretarz klubu,http://www.sejm.gov.pl/Sejm7.nsf/posel.xsp?id=442&type=A
444,Zgorzelski Piotr,PSL,None,http://www.sejm.gov.pl/Sejm7.nsf/posel.xsp?id=444&type=A
445,Zieliński Jarosław,PiS,None,http://www.sejm.gov.pl/Sejm7.nsf/posel.xsp?id=445&type=A
446,Zieliński Maciej,PO,None,http://www.sejm.gov.pl/Sejm7.nsf/posel.xsp?id=446&type=A
447,Ziemniak Wojciech,PO,None,http://www.sejm.gov.pl/Sejm7.nsf/posel.xsp?id=447&type=A
448,Ziętek Jerzy,niez.,None,http://www.sejm.gov.pl/Sejm7.nsf/posel.xsp?id=448&type=A
449,Ziobro Jan,ZP,None,http://www.sejm.gov.pl/Sejm7.nsf/posel.xsp?id=449&type=A
450,Ziobro Kazimierz,ZP,None,http://www.sejm.gov.pl/Sejm7.nsf/posel.xsp?id=450&type=A
451,Zuba Maria,PiS,None,http://www.sejm.gov.pl/Sejm7.nsf/posel.xsp?id=452&type=A
452,Zubowski Wojciech,PiS,None,http://www.sejm.gov.pl/Sejm7.nsf/posel.xsp?id=453&type=A
453,Zych Józef,PSL,None,http://www.sejm.gov.pl/Sejm7.nsf/posel.xsp?id=454&type=A
454,Żalek Jacek,ZP,wiceprzewodniczący klubu,http://www.sejm.gov.pl/Sejm7.nsf/posel.xsp?id=456&type=A
455,Żelichowski Stanisław,PSL,None,http://www.sejm.gov.pl/Sejm7.nsf/posel.xsp?id=457&type=A
456,Żmijan Stanisław,PO,None,http://www.sejm.gov.pl/Sejm7.nsf/posel.xsp?id=458&type=A
457,Żmuda-Trzebiatowska Ewa,PO,None,http://www.sejm.gov.pl/Sejm7.nsf/posel.xsp?id=459&type=A
458,Żyżyński Jerzy,PiS,None,http://www.sejm.gov.pl/Sejm7.nsf/posel.xsp?id=460&type=A
